variable,fuente,variable_origen,bloque,dimension,descripcion,unidad,denominador,justificacion,limitaciones
jurisdiccion,"Pruebas Aprender 2024 (Censal, Secundaria 5-6 año, base Agregada)",jurisdiccion,clave territorial,territorio,Clave de identificacion territorial de la fila.,texto,,Define la unidad de analisis del dataset.,
departamento,"Pruebas Aprender 2024 (Censal, Secundaria 5-6 año, base Agregada)",departamento,clave territorial,territorio,Clave de identificacion territorial de la fila.,texto,,Define la unidad de analisis del dataset.,
sector,"Pruebas Aprender 2024 (Censal, Secundaria 5-6 año, base Agregada)",sector,clave territorial,territorio,Clave de identificacion territorial de la fila.,texto,,Define la unidad de analisis del dataset.,
ambito,"Pruebas Aprender 2024 (Censal, Secundaria 5-6 año, base Agregada)",ambito,clave territorial,territorio,Clave de identificacion territorial de la fila.,texto,,Define la unidad de analisis del dataset.,
estudiantes,"Pruebas Aprender 2024 (Censal, Secundaria 5-6 año, base Agregada)",ap03 (suma),volumen,territorio,"Estudiantes que representa la fila, ya expandidos por el factor de ponderacion.",personas (ponderadas),,"Es el peso de la fila: sin esto, un departamento de 4.000 estudiantes y uno de 20 valen igual en cualquier promedio.","Tiene decimales porque es una suma de ponderadores, no un conteo de personas."
sexo__masculino,"Pruebas Aprender 2024 (Censal, Secundaria 5-6 año, base Agregada)",ap03_masculino,sexo,estudiante,Sexo que figura en el DNI del estudiante. Categoria: masculino.,proporcion (0 a 1),estudiantes con respuesta valida en el bloque 'sexo' (ver cob__sexo),Variable pedida explicitamente por la consigna. Permite analizar brechas de genero en trayectoria y desempeño.,"Es una proporcion dentro de la fila, no un conteo: los conteos originales no son comparables entre bases porque cada una trae su propio factor de expansion."
sexo__femenino,"Pruebas Aprender 2024 (Censal, Secundaria 5-6 año, base Agregada)",ap03_femenino,sexo,estudiante,Sexo que figura en el DNI del estudiante. Categoria: femenino.,proporcion (0 a 1),estudiantes con respuesta valida en el bloque 'sexo' (ver cob__sexo),Variable pedida explicitamente por la consigna. Permite analizar brechas de genero en trayectoria y desempeño.,"Es una proporcion dentro de la fila, no un conteo: los conteos originales no son comparables entre bases porque cada una trae su propio factor de expansion."
sexo__x,"Pruebas Aprender 2024 (Censal, Secundaria 5-6 año, base Agregada)",ap03_x,sexo,estudiante,Sexo que figura en el DNI del estudiante. Categoria: x.,proporcion (0 a 1),estudiantes con respuesta valida en el bloque 'sexo' (ver cob__sexo),Variable pedida explicitamente por la consigna. Permite analizar brechas de genero en trayectoria y desempeño.,"Es una proporcion dentro de la fila, no un conteo: los conteos originales no son comparables entre bases porque cada una trae su propio factor de expansion."
tamano_hogar__vivo_solo,"Pruebas Aprender 2024 (Censal, Secundaria 5-6 año, base Agregada)",ap12_vivo_solo,tamano_hogar,hogar,Cantidad de personas con las que vive el estudiante. Categoria: vivo solo.,proporcion (0 a 1),estudiantes con respuesta valida en el bloque 'tamano_hogar' (ver cob__tamano_hogar),Pedida por la consigna ('tamaño del hogar'). Se eligio ap12 y no ap11 porque su categoria 'Vivo solo' delata que cuenta personas del hogar. ap11 quedo SIN IDENTIFICAR: mismas opciones sin esa categoria.,"Es una proporcion dentro de la fila, no un conteo: los conteos originales no son comparables entre bases porque cada una trae su propio factor de expansion."
tamano_hogar__2,"Pruebas Aprender 2024 (Censal, Secundaria 5-6 año, base Agregada)",ap12_2,tamano_hogar,hogar,Cantidad de personas con las que vive el estudiante. Categoria: 2.,proporcion (0 a 1),estudiantes con respuesta valida en el bloque 'tamano_hogar' (ver cob__tamano_hogar),Pedida por la consigna ('tamaño del hogar'). Se eligio ap12 y no ap11 porque su categoria 'Vivo solo' delata que cuenta personas del hogar. ap11 quedo SIN IDENTIFICAR: mismas opciones sin esa categoria.,"Es una proporcion dentro de la fila, no un conteo: los conteos originales no son comparables entre bases porque cada una trae su propio factor de expansion."
tamano_hogar__3,"Pruebas Aprender 2024 (Censal, Secundaria 5-6 año, base Agregada)",ap12_3,tamano_hogar,hogar,Cantidad de personas con las que vive el estudiante. Categoria: 3.,proporcion (0 a 1),estudiantes con respuesta valida en el bloque 'tamano_hogar' (ver cob__tamano_hogar),Pedida por la consigna ('tamaño del hogar'). Se eligio ap12 y no ap11 porque su categoria 'Vivo solo' delata que cuenta personas del hogar. ap11 quedo SIN IDENTIFICAR: mismas opciones sin esa categoria.,"Es una proporcion dentro de la fila, no un conteo: los conteos originales no son comparables entre bases porque cada una trae su propio factor de expansion."
tamano_hogar__4,"Pruebas Aprender 2024 (Censal, Secundaria 5-6 año, base Agregada)",ap12_4,tamano_hogar,hogar,Cantidad de personas con las que vive el estudiante. Categoria: 4.,proporcion (0 a 1),estudiantes con respuesta valida en el bloque 'tamano_hogar' (ver cob__tamano_hogar),Pedida por la consigna ('tamaño del hogar'). Se eligio ap12 y no ap11 porque su categoria 'Vivo solo' delata que cuenta personas del hogar. ap11 quedo SIN IDENTIFICAR: mismas opciones sin esa categoria.,"Es una proporcion dentro de la fila, no un conteo: los conteos originales no son comparables entre bases porque cada una trae su propio factor de expansion."
tamano_hogar__5,"Pruebas Aprender 2024 (Censal, Secundaria 5-6 año, base Agregada)",ap12_5,tamano_hogar,hogar,Cantidad de personas con las que vive el estudiante. Categoria: 5.,proporcion (0 a 1),estudiantes con respuesta valida en el bloque 'tamano_hogar' (ver cob__tamano_hogar),Pedida por la consigna ('tamaño del hogar'). Se eligio ap12 y no ap11 porque su categoria 'Vivo solo' delata que cuenta personas del hogar. ap11 quedo SIN IDENTIFICAR: mismas opciones sin esa categoria.,"Es una proporcion dentro de la fila, no un conteo: los conteos originales no son comparables entre bases porque cada una trae su propio factor de expansion."
tamano_hogar__6,"Pruebas Aprender 2024 (Censal, Secundaria 5-6 año, base Agregada)",ap12_6,tamano_hogar,hogar,Cantidad de personas con las que vive el estudiante. Categoria: 6.,proporcion (0 a 1),estudiantes con respuesta valida en el bloque 'tamano_hogar' (ver cob__tamano_hogar),Pedida por la consigna ('tamaño del hogar'). Se eligio ap12 y no ap11 porque su categoria 'Vivo solo' delata que cuenta personas del hogar. ap11 quedo SIN IDENTIFICAR: mismas opciones sin esa categoria.,"Es una proporcion dentro de la fila, no un conteo: los conteos originales no son comparables entre bases porque cada una trae su propio factor de expansion."
tamano_hogar__7,"Pruebas Aprender 2024 (Censal, Secundaria 5-6 año, base Agregada)",ap12_7,tamano_hogar,hogar,Cantidad de personas con las que vive el estudiante. Categoria: 7.,proporcion (0 a 1),estudiantes con respuesta valida en el bloque 'tamano_hogar' (ver cob__tamano_hogar),Pedida por la consigna ('tamaño del hogar'). Se eligio ap12 y no ap11 porque su categoria 'Vivo solo' delata que cuenta personas del hogar. ap11 quedo SIN IDENTIFICAR: mismas opciones sin esa categoria.,"Es una proporcion dentro de la fila, no un conteo: los conteos originales no son comparables entre bases porque cada una trae su propio factor de expansion."
tamano_hogar__8,"Pruebas Aprender 2024 (Censal, Secundaria 5-6 año, base Agregada)",ap12_8,tamano_hogar,hogar,Cantidad de personas con las que vive el estudiante. Categoria: 8.,proporcion (0 a 1),estudiantes con respuesta valida en el bloque 'tamano_hogar' (ver cob__tamano_hogar),Pedida por la consigna ('tamaño del hogar'). Se eligio ap12 y no ap11 porque su categoria 'Vivo solo' delata que cuenta personas del hogar. ap11 quedo SIN IDENTIFICAR: mismas opciones sin esa categoria.,"Es una proporcion dentro de la fila, no un conteo: los conteos originales no son comparables entre bases porque cada una trae su propio factor de expansion."
tamano_hogar__9,"Pruebas Aprender 2024 (Censal, Secundaria 5-6 año, base Agregada)",ap12_9,tamano_hogar,hogar,Cantidad de personas con las que vive el estudiante. Categoria: 9.,proporcion (0 a 1),estudiantes con respuesta valida en el bloque 'tamano_hogar' (ver cob__tamano_hogar),Pedida por la consigna ('tamaño del hogar'). Se eligio ap12 y no ap11 porque su categoria 'Vivo solo' delata que cuenta personas del hogar. ap11 quedo SIN IDENTIFICAR: mismas opciones sin esa categoria.,"Es una proporcion dentro de la fila, no un conteo: los conteos originales no son comparables entre bases porque cada una trae su propio factor de expansion."
tamano_hogar__10_o_mas,"Pruebas Aprender 2024 (Censal, Secundaria 5-6 año, base Agregada)",ap12_10_o_mas,tamano_hogar,hogar,Cantidad de personas con las que vive el estudiante. Categoria: 10 o mas.,proporcion (0 a 1),estudiantes con respuesta valida en el bloque 'tamano_hogar' (ver cob__tamano_hogar),Pedida por la consigna ('tamaño del hogar'). Se eligio ap12 y no ap11 porque su categoria 'Vivo solo' delata que cuenta personas del hogar. ap11 quedo SIN IDENTIFICAR: mismas opciones sin esa categoria.,"Es una proporcion dentro de la fila, no un conteo: los conteos originales no son comparables entre bases porque cada una trae su propio factor de expansion."
libros_hogar__no_hay_libros_en_formato_papel,"Pruebas Aprender 2024 (Censal, Secundaria 5-6 año, base Agregada)",ap19_no_hay_libros_en_formato_papel,libros_hogar,hogar,"Cantidad de libros en papel en el hogar, en tramos. Categoria: no hay libros en formato papel.",proporcion (0 a 1),estudiantes con respuesta valida en el bloque 'libros_hogar' (ver cob__libros_hogar),Pedida por la consigna. Es un proxy clasico de capital cultural del hogar.,"Es una proporcion dentro de la fila, no un conteo: los conteos originales no son comparables entre bases porque cada una trae su propio factor de expansion."
libros_hogar__de_1_a_5_libros,"Pruebas Aprender 2024 (Censal, Secundaria 5-6 año, base Agregada)",ap19_de_1_a_5_libros,libros_hogar,hogar,"Cantidad de libros en papel en el hogar, en tramos. Categoria: de 1 a 5 libros.",proporcion (0 a 1),estudiantes con respuesta valida en el bloque 'libros_hogar' (ver cob__libros_hogar),Pedida por la consigna. Es un proxy clasico de capital cultural del hogar.,"Es una proporcion dentro de la fila, no un conteo: los conteos originales no son comparables entre bases porque cada una trae su propio factor de expansion."
libros_hogar__de_6_a_20_libros,"Pruebas Aprender 2024 (Censal, Secundaria 5-6 año, base Agregada)",ap19_de_6_a_20_libros,libros_hogar,hogar,"Cantidad de libros en papel en el hogar, en tramos. Categoria: de 6 a 20 libros.",proporcion (0 a 1),estudiantes con respuesta valida en el bloque 'libros_hogar' (ver cob__libros_hogar),Pedida por la consigna. Es un proxy clasico de capital cultural del hogar.,"Es una proporcion dentro de la fila, no un conteo: los conteos originales no son comparables entre bases porque cada una trae su propio factor de expansion."
libros_hogar__de_21_a_50_libros,"Pruebas Aprender 2024 (Censal, Secundaria 5-6 año, base Agregada)",ap19_de_21_a_50_libros,libros_hogar,hogar,"Cantidad de libros en papel en el hogar, en tramos. Categoria: de 21 a 50 libros.",proporcion (0 a 1),estudiantes con respuesta valida en el bloque 'libros_hogar' (ver cob__libros_hogar),Pedida por la consigna. Es un proxy clasico de capital cultural del hogar.,"Es una proporcion dentro de la fila, no un conteo: los conteos originales no son comparables entre bases porque cada una trae su propio factor de expansion."
libros_hogar__de_51_a_100_libros,"Pruebas Aprender 2024 (Censal, Secundaria 5-6 año, base Agregada)",ap19_de_51_a_100_libros,libros_hogar,hogar,"Cantidad de libros en papel en el hogar, en tramos. Categoria: de 51 a 100 libros.",proporcion (0 a 1),estudiantes con respuesta valida en el bloque 'libros_hogar' (ver cob__libros_hogar),Pedida por la consigna. Es un proxy clasico de capital cultural del hogar.,"Es una proporcion dentro de la fila, no un conteo: los conteos originales no son comparables entre bases porque cada una trae su propio factor de expansion."
libros_hogar__mas_de_100_libros,"Pruebas Aprender 2024 (Censal, Secundaria 5-6 año, base Agregada)",ap19_mas_de_100_libros,libros_hogar,hogar,"Cantidad de libros en papel en el hogar, en tramos. Categoria: mas de 100 libros.",proporcion (0 a 1),estudiantes con respuesta valida en el bloque 'libros_hogar' (ver cob__libros_hogar),Pedida por la consigna. Es un proxy clasico de capital cultural del hogar.,"Es una proporcion dentro de la fila, no un conteo: los conteos originales no son comparables entre bases porque cada una trae su propio factor de expansion."
asistio_jardin__si_desde_sala_de_3_o_antes,"Pruebas Aprender 2024 (Censal, Secundaria 5-6 año, base Agregada)",ap24_si_desde_sala_de_3_o_antes,asistio_jardin,trayectoria,Si asistio al jardin de infantes y desde que sala. Categoria: si desde sala de 3 o antes.,proporcion (0 a 1),estudiantes con respuesta valida en el bloque 'asistio_jardin' (ver cob__asistio_jardin),NO la pide la consigna. Incorporada por criterio del equipo como marcador de trayectoria temprana. A VALIDAR en el TP2.,"Es una proporcion dentro de la fila, no un conteo: los conteos originales no son comparables entre bases porque cada una trae su propio factor de expansion."
asistio_jardin__si_desde_sala_de_4,"Pruebas Aprender 2024 (Censal, Secundaria 5-6 año, base Agregada)",ap24_si_desde_sala_de_4,asistio_jardin,trayectoria,Si asistio al jardin de infantes y desde que sala. Categoria: si desde sala de 4.,proporcion (0 a 1),estudiantes con respuesta valida en el bloque 'asistio_jardin' (ver cob__asistio_jardin),NO la pide la consigna. Incorporada por criterio del equipo como marcador de trayectoria temprana. A VALIDAR en el TP2.,"Es una proporcion dentro de la fila, no un conteo: los conteos originales no son comparables entre bases porque cada una trae su propio factor de expansion."
asistio_jardin__si_desde_sala_de_5,"Pruebas Aprender 2024 (Censal, Secundaria 5-6 año, base Agregada)",ap24_si_desde_sala_de_5,asistio_jardin,trayectoria,Si asistio al jardin de infantes y desde que sala. Categoria: si desde sala de 5.,proporcion (0 a 1),estudiantes con respuesta valida en el bloque 'asistio_jardin' (ver cob__asistio_jardin),NO la pide la consigna. Incorporada por criterio del equipo como marcador de trayectoria temprana. A VALIDAR en el TP2.,"Es una proporcion dentro de la fila, no un conteo: los conteos originales no son comparables entre bases porque cada una trae su propio factor de expansion."
asistio_jardin__no_no_fui_al_jardin,"Pruebas Aprender 2024 (Censal, Secundaria 5-6 año, base Agregada)",ap24_no_no_fui_al_jardin,asistio_jardin,trayectoria,Si asistio al jardin de infantes y desde que sala. Categoria: no no fui al jardin.,proporcion (0 a 1),estudiantes con respuesta valida en el bloque 'asistio_jardin' (ver cob__asistio_jardin),NO la pide la consigna. Incorporada por criterio del equipo como marcador de trayectoria temprana. A VALIDAR en el TP2.,"Es una proporcion dentro de la fila, no un conteo: los conteos originales no son comparables entre bases porque cada una trae su propio factor de expansion."
inasistencias__ninguna_falta,"Pruebas Aprender 2024 (Censal, Secundaria 5-6 año, base Agregada)",ap27_ninguna_falta,inasistencias,trayectoria,"Cantidad de faltas en el año, en tramos. Categoria: ninguna falta.",proporcion (0 a 1),estudiantes con respuesta valida en el bloque 'inasistencias' (ver cob__inasistencias),Pedida por la consigna. El ausentismo es el paso previo observable al abandono.,"Es una proporcion dentro de la fila, no un conteo: los conteos originales no son comparables entre bases porque cada una trae su propio factor de expansion."
inasistencias__menos_de_5_faltas,"Pruebas Aprender 2024 (Censal, Secundaria 5-6 año, base Agregada)",ap27_menos_de_5_faltas,inasistencias,trayectoria,"Cantidad de faltas en el año, en tramos. Categoria: menos de 5 faltas.",proporcion (0 a 1),estudiantes con respuesta valida en el bloque 'inasistencias' (ver cob__inasistencias),Pedida por la consigna. El ausentismo es el paso previo observable al abandono.,"Es una proporcion dentro de la fila, no un conteo: los conteos originales no son comparables entre bases porque cada una trae su propio factor de expansion."
inasistencias__de_5_a_14_faltas,"Pruebas Aprender 2024 (Censal, Secundaria 5-6 año, base Agregada)",ap27_de_5_a_14_faltas,inasistencias,trayectoria,"Cantidad de faltas en el año, en tramos. Categoria: de 5 a 14 faltas.",proporcion (0 a 1),estudiantes con respuesta valida en el bloque 'inasistencias' (ver cob__inasistencias),Pedida por la consigna. El ausentismo es el paso previo observable al abandono.,"Es una proporcion dentro de la fila, no un conteo: los conteos originales no son comparables entre bases porque cada una trae su propio factor de expansion."
inasistencias__de_15_a_19_faltas,"Pruebas Aprender 2024 (Censal, Secundaria 5-6 año, base Agregada)",ap27_de_15_a_19_faltas,inasistencias,trayectoria,"Cantidad de faltas en el año, en tramos. Categoria: de 15 a 19 faltas.",proporcion (0 a 1),estudiantes con respuesta valida en el bloque 'inasistencias' (ver cob__inasistencias),Pedida por la consigna. El ausentismo es el paso previo observable al abandono.,"Es una proporcion dentro de la fila, no un conteo: los conteos originales no son comparables entre bases porque cada una trae su propio factor de expansion."
inasistencias__de_20_a_29_faltas,"Pruebas Aprender 2024 (Censal, Secundaria 5-6 año, base Agregada)",ap27_de_20_a_29_faltas,inasistencias,trayectoria,"Cantidad de faltas en el año, en tramos. Categoria: de 20 a 29 faltas.",proporcion (0 a 1),estudiantes con respuesta valida en el bloque 'inasistencias' (ver cob__inasistencias),Pedida por la consigna. El ausentismo es el paso previo observable al abandono.,"Es una proporcion dentro de la fila, no un conteo: los conteos originales no son comparables entre bases porque cada una trae su propio factor de expansion."
inasistencias__30_o_mas_faltas,"Pruebas Aprender 2024 (Censal, Secundaria 5-6 año, base Agregada)",ap27_30_o_mas_faltas,inasistencias,trayectoria,"Cantidad de faltas en el año, en tramos. Categoria: 30 o mas faltas.",proporcion (0 a 1),estudiantes con respuesta valida en el bloque 'inasistencias' (ver cob__inasistencias),Pedida por la consigna. El ausentismo es el paso previo observable al abandono.,"Es una proporcion dentro de la fila, no un conteo: los conteos originales no son comparables entre bases porque cada una trae su propio factor de expansion."
horas_estudio__no_estudie_ni_hice_tarea_fuera_del_horario_escolar,"Pruebas Aprender 2024 (Censal, Secundaria 5-6 año, base Agregada)",ap31_no_estudie_ni_hice_tarea_fuera_del_horario_escolar,horas_estudio,estudiante,Horas semanales dedicadas a estudiar o hacer tarea fuera del horario escolar. Categoria: no estudie ni hice tarea fuera del horario escolar.,proporcion (0 a 1),estudiantes con respuesta valida en el bloque 'horas_estudio' (ver cob__horas_estudio),Pedida por la consigna.,"Es una proporcion dentro de la fila, no un conteo: los conteos originales no son comparables entre bases porque cada una trae su propio factor de expansion."
horas_estudio__hasta_2_horas,"Pruebas Aprender 2024 (Censal, Secundaria 5-6 año, base Agregada)",ap31_hasta_2_horas,horas_estudio,estudiante,Horas semanales dedicadas a estudiar o hacer tarea fuera del horario escolar. Categoria: hasta 2 horas.,proporcion (0 a 1),estudiantes con respuesta valida en el bloque 'horas_estudio' (ver cob__horas_estudio),Pedida por la consigna.,"Es una proporcion dentro de la fila, no un conteo: los conteos originales no son comparables entre bases porque cada una trae su propio factor de expansion."
horas_estudio__entre_2_y_4_horas,"Pruebas Aprender 2024 (Censal, Secundaria 5-6 año, base Agregada)",ap31_entre_2_y_4_horas,horas_estudio,estudiante,Horas semanales dedicadas a estudiar o hacer tarea fuera del horario escolar. Categoria: entre 2 y 4 horas.,proporcion (0 a 1),estudiantes con respuesta valida en el bloque 'horas_estudio' (ver cob__horas_estudio),Pedida por la consigna.,"Es una proporcion dentro de la fila, no un conteo: los conteos originales no son comparables entre bases porque cada una trae su propio factor de expansion."
horas_estudio__entre_5_y_7_horas,"Pruebas Aprender 2024 (Censal, Secundaria 5-6 año, base Agregada)",ap31_entre_5_y_7_horas,horas_estudio,estudiante,Horas semanales dedicadas a estudiar o hacer tarea fuera del horario escolar. Categoria: entre 5 y 7 horas.,proporcion (0 a 1),estudiantes con respuesta valida en el bloque 'horas_estudio' (ver cob__horas_estudio),Pedida por la consigna.,"Es una proporcion dentro de la fila, no un conteo: los conteos originales no son comparables entre bases porque cada una trae su propio factor de expansion."
horas_estudio__entre_8_y_10_horas,"Pruebas Aprender 2024 (Censal, Secundaria 5-6 año, base Agregada)",ap31_entre_8_y_10_horas,horas_estudio,estudiante,Horas semanales dedicadas a estudiar o hacer tarea fuera del horario escolar. Categoria: entre 8 y 10 horas.,proporcion (0 a 1),estudiantes con respuesta valida en el bloque 'horas_estudio' (ver cob__horas_estudio),Pedida por la consigna.,"Es una proporcion dentro de la fila, no un conteo: los conteos originales no son comparables entre bases porque cada una trae su propio factor de expansion."
horas_estudio__mas_de_10_horas,"Pruebas Aprender 2024 (Censal, Secundaria 5-6 año, base Agregada)",ap31_mas_de_10_horas,horas_estudio,estudiante,Horas semanales dedicadas a estudiar o hacer tarea fuera del horario escolar. Categoria: mas de 10 horas.,proporcion (0 a 1),estudiantes con respuesta valida en el bloque 'horas_estudio' (ver cob__horas_estudio),Pedida por la consigna.,"Es una proporcion dentro de la fila, no un conteo: los conteos originales no son comparables entre bases porque cada una trae su propio factor de expansion."
edad__menos_de_15_anos,"Pruebas Aprender 2024 (Censal, Secundaria 5-6 año, base Agregada)",edadA_junio2024_menos_de_15_anos,edad,estudiante,"Edad cumplida al 30 de junio de 2024, en tramos. Categoria: menos de 15 anos.",proporcion (0 a 1),estudiantes con respuesta valida en el bloque 'edad' (ver cob__edad),"Pedida por la consigna. Es la base del calculo de sobreedad, que es un antecedente conocido de abandono.","Es una proporcion dentro de la fila, no un conteo: los conteos originales no son comparables entre bases porque cada una trae su propio factor de expansion."
edad__15_anos,"Pruebas Aprender 2024 (Censal, Secundaria 5-6 año, base Agregada)",edadA_junio2024_15_anos,edad,estudiante,"Edad cumplida al 30 de junio de 2024, en tramos. Categoria: 15 anos.",proporcion (0 a 1),estudiantes con respuesta valida en el bloque 'edad' (ver cob__edad),"Pedida por la consigna. Es la base del calculo de sobreedad, que es un antecedente conocido de abandono.","Es una proporcion dentro de la fila, no un conteo: los conteos originales no son comparables entre bases porque cada una trae su propio factor de expansion."
edad__16_anos,"Pruebas Aprender 2024 (Censal, Secundaria 5-6 año, base Agregada)",edadA_junio2024_16_anos,edad,estudiante,"Edad cumplida al 30 de junio de 2024, en tramos. Categoria: 16 anos.",proporcion (0 a 1),estudiantes con respuesta valida en el bloque 'edad' (ver cob__edad),"Pedida por la consigna. Es la base del calculo de sobreedad, que es un antecedente conocido de abandono.","Es una proporcion dentro de la fila, no un conteo: los conteos originales no son comparables entre bases porque cada una trae su propio factor de expansion."
edad__17_anos,"Pruebas Aprender 2024 (Censal, Secundaria 5-6 año, base Agregada)",edadA_junio2024_17_anos,edad,estudiante,"Edad cumplida al 30 de junio de 2024, en tramos. Categoria: 17 anos.",proporcion (0 a 1),estudiantes con respuesta valida en el bloque 'edad' (ver cob__edad),"Pedida por la consigna. Es la base del calculo de sobreedad, que es un antecedente conocido de abandono.","Es una proporcion dentro de la fila, no un conteo: los conteos originales no son comparables entre bases porque cada una trae su propio factor de expansion."
edad__18_anos,"Pruebas Aprender 2024 (Censal, Secundaria 5-6 año, base Agregada)",edadA_junio2024_18_anos,edad,estudiante,"Edad cumplida al 30 de junio de 2024, en tramos. Categoria: 18 anos.",proporcion (0 a 1),estudiantes con respuesta valida en el bloque 'edad' (ver cob__edad),"Pedida por la consigna. Es la base del calculo de sobreedad, que es un antecedente conocido de abandono.","Es una proporcion dentro de la fila, no un conteo: los conteos originales no son comparables entre bases porque cada una trae su propio factor de expansion."
edad__19_anos,"Pruebas Aprender 2024 (Censal, Secundaria 5-6 año, base Agregada)",edadA_junio2024_19_anos,edad,estudiante,"Edad cumplida al 30 de junio de 2024, en tramos. Categoria: 19 anos.",proporcion (0 a 1),estudiantes con respuesta valida en el bloque 'edad' (ver cob__edad),"Pedida por la consigna. Es la base del calculo de sobreedad, que es un antecedente conocido de abandono.","Es una proporcion dentro de la fila, no un conteo: los conteos originales no son comparables entre bases porque cada una trae su propio factor de expansion."
edad__20_anos,"Pruebas Aprender 2024 (Censal, Secundaria 5-6 año, base Agregada)",edadA_junio2024_20_anos,edad,estudiante,"Edad cumplida al 30 de junio de 2024, en tramos. Categoria: 20 anos.",proporcion (0 a 1),estudiantes con respuesta valida en el bloque 'edad' (ver cob__edad),"Pedida por la consigna. Es la base del calculo de sobreedad, que es un antecedente conocido de abandono.","Es una proporcion dentro de la fila, no un conteo: los conteos originales no son comparables entre bases porque cada una trae su propio factor de expansion."
edad__21_anos,"Pruebas Aprender 2024 (Censal, Secundaria 5-6 año, base Agregada)",edadA_junio2024_21_anos,edad,estudiante,"Edad cumplida al 30 de junio de 2024, en tramos. Categoria: 21 anos.",proporcion (0 a 1),estudiantes con respuesta valida en el bloque 'edad' (ver cob__edad),"Pedida por la consigna. Es la base del calculo de sobreedad, que es un antecedente conocido de abandono.","Es una proporcion dentro de la fila, no un conteo: los conteos originales no son comparables entre bases porque cada una trae su propio factor de expansion."
edad__22_anos,"Pruebas Aprender 2024 (Censal, Secundaria 5-6 año, base Agregada)",edadA_junio2024_22_anos,edad,estudiante,"Edad cumplida al 30 de junio de 2024, en tramos. Categoria: 22 anos.",proporcion (0 a 1),estudiantes con respuesta valida en el bloque 'edad' (ver cob__edad),"Pedida por la consigna. Es la base del calculo de sobreedad, que es un antecedente conocido de abandono.","Es una proporcion dentro de la fila, no un conteo: los conteos originales no son comparables entre bases porque cada una trae su propio factor de expansion."
edad__mas_de_22_anos,"Pruebas Aprender 2024 (Censal, Secundaria 5-6 año, base Agregada)",edadA_junio2024_mas_de_22_anos,edad,estudiante,"Edad cumplida al 30 de junio de 2024, en tramos. Categoria: mas de 22 anos.",proporcion (0 a 1),estudiantes con respuesta valida en el bloque 'edad' (ver cob__edad),"Pedida por la consigna. Es la base del calculo de sobreedad, que es un antecedente conocido de abandono.","Es una proporcion dentro de la fila, no un conteo: los conteos originales no son comparables entre bases porque cada una trae su propio factor de expansion."
sobreedad__menores_de_17_anos,"Pruebas Aprender 2024 (Censal, Secundaria 5-6 año, base Agregada)",sobreedad_menores_de_17_anos,sobreedad,trayectoria,Años de atraso respecto de la edad teorica del año que cursa (17 años al 30 de junio para 5to/6to). Categoria: menores de 17 anos.,proporcion (0 a 1),estudiantes con respuesta valida en el bloque 'sobreedad' (ver cob__sobreedad),Pedida por la consigna y una de las señales de riesgo mas directas: el atraso escolar acumulado precede al abandono.,"Es una proporcion dentro de la fila, no un conteo: los conteos originales no son comparables entre bases porque cada una trae su propio factor de expansion."
sobreedad__edad_teorica_para_el_ano_17_anos_al_30_de_junio,"Pruebas Aprender 2024 (Censal, Secundaria 5-6 año, base Agregada)",sobreedad_edad_teorica_para_el_ano_17_anos_al_30_de_junio,sobreedad,trayectoria,Años de atraso respecto de la edad teorica del año que cursa (17 años al 30 de junio para 5to/6to). Categoria: edad teorica para el ano 17 anos al 30 de junio.,proporcion (0 a 1),estudiantes con respuesta valida en el bloque 'sobreedad' (ver cob__sobreedad),Pedida por la consigna y una de las señales de riesgo mas directas: el atraso escolar acumulado precede al abandono.,"Es una proporcion dentro de la fila, no un conteo: los conteos originales no son comparables entre bases porque cada una trae su propio factor de expansion."
sobreedad__1_ano_de_sobreedad_18_anos_al_30_de_junio,"Pruebas Aprender 2024 (Censal, Secundaria 5-6 año, base Agregada)",sobreedad_1_ano_de_sobreedad_18_anos_al_30_de_junio,sobreedad,trayectoria,Años de atraso respecto de la edad teorica del año que cursa (17 años al 30 de junio para 5to/6to). Categoria: 1 ano de sobreedad 18 anos al 30 de junio.,proporcion (0 a 1),estudiantes con respuesta valida en el bloque 'sobreedad' (ver cob__sobreedad),Pedida por la consigna y una de las señales de riesgo mas directas: el atraso escolar acumulado precede al abandono.,"Es una proporcion dentro de la fila, no un conteo: los conteos originales no son comparables entre bases porque cada una trae su propio factor de expansion."
sobreedad__2_anos_de_sobreedad_19_anos_al_30_de_junio,"Pruebas Aprender 2024 (Censal, Secundaria 5-6 año, base Agregada)",sobreedad_2_anos_de_sobreedad_19_anos_al_30_de_junio,sobreedad,trayectoria,Años de atraso respecto de la edad teorica del año que cursa (17 años al 30 de junio para 5to/6to). Categoria: 2 anos de sobreedad 19 anos al 30 de junio.,proporcion (0 a 1),estudiantes con respuesta valida en el bloque 'sobreedad' (ver cob__sobreedad),Pedida por la consigna y una de las señales de riesgo mas directas: el atraso escolar acumulado precede al abandono.,"Es una proporcion dentro de la fila, no un conteo: los conteos originales no son comparables entre bases porque cada una trae su propio factor de expansion."
sobreedad__3_anos_o_mas_de_sobreedad_20_anos_o_mas_30jun,"Pruebas Aprender 2024 (Censal, Secundaria 5-6 año, base Agregada)",sobreedad_3_anos_o_mas_de_sobreedad_20_anos_o_mas_30jun,sobreedad,trayectoria,Años de atraso respecto de la edad teorica del año que cursa (17 años al 30 de junio para 5to/6to). Categoria: 3 anos o mas de sobreedad 20 anos o mas 30jun.,proporcion (0 a 1),estudiantes con respuesta valida en el bloque 'sobreedad' (ver cob__sobreedad),Pedida por la consigna y una de las señales de riesgo mas directas: el atraso escolar acumulado precede al abandono.,"Es una proporcion dentro de la fila, no un conteo: los conteos originales no son comparables entre bases porque cada una trae su propio factor de expansion."
repitencia__repitio_1_vez,"Pruebas Aprender 2024 (Censal, Secundaria 5-6 año, base Agregada)",repitencia_repitio_1_vez,repitencia,trayectoria,Cantidad de veces que repitio de año. Categoria: repitio 1 vez.,proporcion (0 a 1),estudiantes con respuesta valida en el bloque 'repitencia' (ver cob__repitencia),"NO la pide la consigna. Se incorpora por criterio del equipo: el Ministerio publica repitencia junto a abandono interanual en su dataset Indicadores Educativos, lo que sugiere que las trata como la misma familia. A VALIDAR empiricamente en el TP2.","Es una proporcion dentro de la fila, no un conteo: los conteos originales no son comparables entre bases porque cada una trae su propio factor de expansion."
repitencia__repitio_2_veces_o_mas,"Pruebas Aprender 2024 (Censal, Secundaria 5-6 año, base Agregada)",repitencia_repitio_2_veces_o_mas,repitencia,trayectoria,Cantidad de veces que repitio de año. Categoria: repitio 2 veces o mas.,proporcion (0 a 1),estudiantes con respuesta valida en el bloque 'repitencia' (ver cob__repitencia),"NO la pide la consigna. Se incorpora por criterio del equipo: el Ministerio publica repitencia junto a abandono interanual en su dataset Indicadores Educativos, lo que sugiere que las trata como la misma familia. A VALIDAR empiricamente en el TP2.","Es una proporcion dentro de la fila, no un conteo: los conteos originales no son comparables entre bases porque cada una trae su propio factor de expansion."
repitencia__nunca_repitio,"Pruebas Aprender 2024 (Censal, Secundaria 5-6 año, base Agregada)",repitencia_nunca_repitio,repitencia,trayectoria,Cantidad de veces que repitio de año. Categoria: nunca repitio.,proporcion (0 a 1),estudiantes con respuesta valida en el bloque 'repitencia' (ver cob__repitencia),"NO la pide la consigna. Se incorpora por criterio del equipo: el Ministerio publica repitencia junto a abandono interanual en su dataset Indicadores Educativos, lo que sugiere que las trata como la misma familia. A VALIDAR empiricamente en el TP2.","Es una proporcion dentro de la fila, no un conteo: los conteos originales no son comparables entre bases porque cada una trae su propio factor de expansion."
migracion__configuracion_familiar_migrante,"Pruebas Aprender 2024 (Censal, Secundaria 5-6 año, base Agregada)",migracion_configuracion_familiar_migrante,migracion,hogar,Configuracion familiar migrante o no migrante. Categoria: configuracion familiar migrante.,proporcion (0 a 1),estudiantes con respuesta valida en el bloque 'migracion' (ver cob__migracion),"NO la pide la consigna. Incorporada por criterio del equipo, sin respaldo empirico todavia. A VALIDAR en el TP2; si no aporta, se saca.","Es una proporcion dentro de la fila, no un conteo: los conteos originales no son comparables entre bases porque cada una trae su propio factor de expansion."
migracion__configuracion_familiar_no_migrante,"Pruebas Aprender 2024 (Censal, Secundaria 5-6 año, base Agregada)",migracion_configuracion_familiar_no_migrante,migracion,hogar,Configuracion familiar migrante o no migrante. Categoria: configuracion familiar no migrante.,proporcion (0 a 1),estudiantes con respuesta valida en el bloque 'migracion' (ver cob__migracion),"NO la pide la consigna. Incorporada por criterio del equipo, sin respaldo empirico todavia. A VALIDAR en el TP2; si no aporta, se saca.","Es una proporcion dentro de la fila, no un conteo: los conteos originales no son comparables entre bases porque cada una trae su propio factor de expansion."
clima_escolar__bajo,"Pruebas Aprender 2024 (Censal, Secundaria 5-6 año, base Agregada)",clima_bajo,clima_escolar,escuela,Indice de clima escolar construido por el Ministerio (bajo / medio / alto). Categoria: bajo.,proporcion (0 a 1),estudiantes con respuesta valida en el bloque 'clima_escolar' (ver cob__clima_escolar),"NO la pide la consigna. Incorporada por criterio del equipo. ATENCION: es el unico bloque con datos faltantes (96 de 1.174 filas sin dato, cobertura mediana 87,3%). A VALIDAR en el TP2.","Es una proporcion dentro de la fila, no un conteo: los conteos originales no son comparables entre bases porque cada una trae su propio factor de expansion."
clima_escolar__medio,"Pruebas Aprender 2024 (Censal, Secundaria 5-6 año, base Agregada)",clima_medio,clima_escolar,escuela,Indice de clima escolar construido por el Ministerio (bajo / medio / alto). Categoria: medio.,proporcion (0 a 1),estudiantes con respuesta valida en el bloque 'clima_escolar' (ver cob__clima_escolar),"NO la pide la consigna. Incorporada por criterio del equipo. ATENCION: es el unico bloque con datos faltantes (96 de 1.174 filas sin dato, cobertura mediana 87,3%). A VALIDAR en el TP2.","Es una proporcion dentro de la fila, no un conteo: los conteos originales no son comparables entre bases porque cada una trae su propio factor de expansion."
clima_escolar__alto,"Pruebas Aprender 2024 (Censal, Secundaria 5-6 año, base Agregada)",clima_alto,clima_escolar,escuela,Indice de clima escolar construido por el Ministerio (bajo / medio / alto). Categoria: alto.,proporcion (0 a 1),estudiantes con respuesta valida en el bloque 'clima_escolar' (ver cob__clima_escolar),"NO la pide la consigna. Incorporada por criterio del equipo. ATENCION: es el unico bloque con datos faltantes (96 de 1.174 filas sin dato, cobertura mediana 87,3%). A VALIDAR en el TP2.","Es una proporcion dentro de la fila, no un conteo: los conteos originales no son comparables entre bases porque cada una trae su propio factor de expansion."
nse__q1,"Pruebas Aprender 2024 (Censal, Secundaria 5-6 año, base Agregada)",NSE_nivel_q1,nse,hogar,"Quintil de nivel socioeconomico del estudiante, calculado por el Ministerio (Q1 el mas bajo, Q5 el mas alto). Categoria: q1.",proporcion (0 a 1),estudiantes con respuesta valida en el bloque 'nse' (ver cob__nse),"Pedida por la consigna. Es el resumen socioeconomico que la propia fuente construye, y sirve de contraste contra los indicadores que trajimos de la EPH.","Es una proporcion dentro de la fila, no un conteo: los conteos originales no son comparables entre bases porque cada una trae su propio factor de expansion."
nse__q2,"Pruebas Aprender 2024 (Censal, Secundaria 5-6 año, base Agregada)",NSE_nivel_q2,nse,hogar,"Quintil de nivel socioeconomico del estudiante, calculado por el Ministerio (Q1 el mas bajo, Q5 el mas alto). Categoria: q2.",proporcion (0 a 1),estudiantes con respuesta valida en el bloque 'nse' (ver cob__nse),"Pedida por la consigna. Es el resumen socioeconomico que la propia fuente construye, y sirve de contraste contra los indicadores que trajimos de la EPH.","Es una proporcion dentro de la fila, no un conteo: los conteos originales no son comparables entre bases porque cada una trae su propio factor de expansion."
nse__q3,"Pruebas Aprender 2024 (Censal, Secundaria 5-6 año, base Agregada)",NSE_nivel_q3,nse,hogar,"Quintil de nivel socioeconomico del estudiante, calculado por el Ministerio (Q1 el mas bajo, Q5 el mas alto). Categoria: q3.",proporcion (0 a 1),estudiantes con respuesta valida en el bloque 'nse' (ver cob__nse),"Pedida por la consigna. Es el resumen socioeconomico que la propia fuente construye, y sirve de contraste contra los indicadores que trajimos de la EPH.","Es una proporcion dentro de la fila, no un conteo: los conteos originales no son comparables entre bases porque cada una trae su propio factor de expansion."
nse__q4,"Pruebas Aprender 2024 (Censal, Secundaria 5-6 año, base Agregada)",NSE_nivel_q4,nse,hogar,"Quintil de nivel socioeconomico del estudiante, calculado por el Ministerio (Q1 el mas bajo, Q5 el mas alto). Categoria: q4.",proporcion (0 a 1),estudiantes con respuesta valida en el bloque 'nse' (ver cob__nse),"Pedida por la consigna. Es el resumen socioeconomico que la propia fuente construye, y sirve de contraste contra los indicadores que trajimos de la EPH.","Es una proporcion dentro de la fila, no un conteo: los conteos originales no son comparables entre bases porque cada una trae su propio factor de expansion."
nse__q5,"Pruebas Aprender 2024 (Censal, Secundaria 5-6 año, base Agregada)",NSE_nivel_q5,nse,hogar,"Quintil de nivel socioeconomico del estudiante, calculado por el Ministerio (Q1 el mas bajo, Q5 el mas alto). Categoria: q5.",proporcion (0 a 1),estudiantes con respuesta valida en el bloque 'nse' (ver cob__nse),"Pedida por la consigna. Es el resumen socioeconomico que la propia fuente construye, y sirve de contraste contra los indicadores que trajimos de la EPH.","Es una proporcion dentro de la fila, no un conteo: los conteos originales no son comparables entre bases porque cada una trae su propio factor de expansion."
educ_madre__no_fue_a_la_escuela,"Pruebas Aprender 2024 (Censal, Secundaria 5-6 año, base Agregada)",Nivel_Ed_Madre_no_fue_a_la_escuela,educ_madre,hogar,Maximo nivel educativo alcanzado por la madre. Categoria: no fue a la escuela.,proporcion (0 a 1),estudiantes con respuesta valida en el bloque 'educ_madre' (ver cob__educ_madre),Pedida por la consigna. El nivel educativo materno es de los predictores mas usados del rendimiento.,"Es una proporcion dentro de la fila, no un conteo: los conteos originales no son comparables entre bases porque cada una trae su propio factor de expansion."
educ_madre__primaria_incompleto,"Pruebas Aprender 2024 (Censal, Secundaria 5-6 año, base Agregada)",Nivel_Ed_Madre_primaria_incompleto,educ_madre,hogar,Maximo nivel educativo alcanzado por la madre. Categoria: primaria incompleto.,proporcion (0 a 1),estudiantes con respuesta valida en el bloque 'educ_madre' (ver cob__educ_madre),Pedida por la consigna. El nivel educativo materno es de los predictores mas usados del rendimiento.,"Es una proporcion dentro de la fila, no un conteo: los conteos originales no son comparables entre bases porque cada una trae su propio factor de expansion."
educ_madre__primaria_completo,"Pruebas Aprender 2024 (Censal, Secundaria 5-6 año, base Agregada)",Nivel_Ed_Madre_primaria_completo,educ_madre,hogar,Maximo nivel educativo alcanzado por la madre. Categoria: primaria completo.,proporcion (0 a 1),estudiantes con respuesta valida en el bloque 'educ_madre' (ver cob__educ_madre),Pedida por la consigna. El nivel educativo materno es de los predictores mas usados del rendimiento.,"Es una proporcion dentro de la fila, no un conteo: los conteos originales no son comparables entre bases porque cada una trae su propio factor de expansion."
educ_madre__secundaria_incompleto,"Pruebas Aprender 2024 (Censal, Secundaria 5-6 año, base Agregada)",Nivel_Ed_Madre_secundaria_incompleto,educ_madre,hogar,Maximo nivel educativo alcanzado por la madre. Categoria: secundaria incompleto.,proporcion (0 a 1),estudiantes con respuesta valida en el bloque 'educ_madre' (ver cob__educ_madre),Pedida por la consigna. El nivel educativo materno es de los predictores mas usados del rendimiento.,"Es una proporcion dentro de la fila, no un conteo: los conteos originales no son comparables entre bases porque cada una trae su propio factor de expansion."
educ_madre__secundaria_completo,"Pruebas Aprender 2024 (Censal, Secundaria 5-6 año, base Agregada)",Nivel_Ed_Madre_secundaria_completo,educ_madre,hogar,Maximo nivel educativo alcanzado por la madre. Categoria: secundaria completo.,proporcion (0 a 1),estudiantes con respuesta valida en el bloque 'educ_madre' (ver cob__educ_madre),Pedida por la consigna. El nivel educativo materno es de los predictores mas usados del rendimiento.,"Es una proporcion dentro de la fila, no un conteo: los conteos originales no son comparables entre bases porque cada una trae su propio factor de expansion."
educ_madre__terciariouniversitarioposgrado_incompleto,"Pruebas Aprender 2024 (Censal, Secundaria 5-6 año, base Agregada)",Nivel_Ed_Madre_terciariouniversitarioposgrado_incompleto,educ_madre,hogar,Maximo nivel educativo alcanzado por la madre. Categoria: terciariouniversitarioposgrado incompleto.,proporcion (0 a 1),estudiantes con respuesta valida en el bloque 'educ_madre' (ver cob__educ_madre),Pedida por la consigna. El nivel educativo materno es de los predictores mas usados del rendimiento.,"Es una proporcion dentro de la fila, no un conteo: los conteos originales no son comparables entre bases porque cada una trae su propio factor de expansion."
educ_madre__terciariouniversitarioposgrado_completo,"Pruebas Aprender 2024 (Censal, Secundaria 5-6 año, base Agregada)",Nivel_Ed_Madre_terciariouniversitarioposgrado_completo,educ_madre,hogar,Maximo nivel educativo alcanzado por la madre. Categoria: terciariouniversitarioposgrado completo.,proporcion (0 a 1),estudiantes con respuesta valida en el bloque 'educ_madre' (ver cob__educ_madre),Pedida por la consigna. El nivel educativo materno es de los predictores mas usados del rendimiento.,"Es una proporcion dentro de la fila, no un conteo: los conteos originales no son comparables entre bases porque cada una trae su propio factor de expansion."
educ_padre__no_fue_a_la_escuela,"Pruebas Aprender 2024 (Censal, Secundaria 5-6 año, base Agregada)",Nivel_Ed_Padre_no_fue_a_la_escuela,educ_padre,hogar,Maximo nivel educativo alcanzado por el padre. Categoria: no fue a la escuela.,proporcion (0 a 1),estudiantes con respuesta valida en el bloque 'educ_padre' (ver cob__educ_padre),"Pedida por la consigna. Se conserva pese a tener cobertura menor que la de la madre (90,4% contra 100%): ese hueco es en si mismo informacion sobre la composicion del hogar.","Es una proporcion dentro de la fila, no un conteo: los conteos originales no son comparables entre bases porque cada una trae su propio factor de expansion."
educ_padre__primaria_incompleto,"Pruebas Aprender 2024 (Censal, Secundaria 5-6 año, base Agregada)",Nivel_Ed_Padre_primaria_incompleto,educ_padre,hogar,Maximo nivel educativo alcanzado por el padre. Categoria: primaria incompleto.,proporcion (0 a 1),estudiantes con respuesta valida en el bloque 'educ_padre' (ver cob__educ_padre),"Pedida por la consigna. Se conserva pese a tener cobertura menor que la de la madre (90,4% contra 100%): ese hueco es en si mismo informacion sobre la composicion del hogar.","Es una proporcion dentro de la fila, no un conteo: los conteos originales no son comparables entre bases porque cada una trae su propio factor de expansion."
educ_padre__primaria_completo,"Pruebas Aprender 2024 (Censal, Secundaria 5-6 año, base Agregada)",Nivel_Ed_Padre_primaria_completo,educ_padre,hogar,Maximo nivel educativo alcanzado por el padre. Categoria: primaria completo.,proporcion (0 a 1),estudiantes con respuesta valida en el bloque 'educ_padre' (ver cob__educ_padre),"Pedida por la consigna. Se conserva pese a tener cobertura menor que la de la madre (90,4% contra 100%): ese hueco es en si mismo informacion sobre la composicion del hogar.","Es una proporcion dentro de la fila, no un conteo: los conteos originales no son comparables entre bases porque cada una trae su propio factor de expansion."
educ_padre__secundaria_incompleto,"Pruebas Aprender 2024 (Censal, Secundaria 5-6 año, base Agregada)",Nivel_Ed_Padre_secundaria_incompleto,educ_padre,hogar,Maximo nivel educativo alcanzado por el padre. Categoria: secundaria incompleto.,proporcion (0 a 1),estudiantes con respuesta valida en el bloque 'educ_padre' (ver cob__educ_padre),"Pedida por la consigna. Se conserva pese a tener cobertura menor que la de la madre (90,4% contra 100%): ese hueco es en si mismo informacion sobre la composicion del hogar.","Es una proporcion dentro de la fila, no un conteo: los conteos originales no son comparables entre bases porque cada una trae su propio factor de expansion."
educ_padre__secundaria_completo,"Pruebas Aprender 2024 (Censal, Secundaria 5-6 año, base Agregada)",Nivel_Ed_Padre_secundaria_completo,educ_padre,hogar,Maximo nivel educativo alcanzado por el padre. Categoria: secundaria completo.,proporcion (0 a 1),estudiantes con respuesta valida en el bloque 'educ_padre' (ver cob__educ_padre),"Pedida por la consigna. Se conserva pese a tener cobertura menor que la de la madre (90,4% contra 100%): ese hueco es en si mismo informacion sobre la composicion del hogar.","Es una proporcion dentro de la fila, no un conteo: los conteos originales no son comparables entre bases porque cada una trae su propio factor de expansion."
educ_padre__terciariouniversitarioposgrado_incompleto,"Pruebas Aprender 2024 (Censal, Secundaria 5-6 año, base Agregada)",Nivel_Ed_Padre_terciariouniversitarioposgrado_incompleto,educ_padre,hogar,Maximo nivel educativo alcanzado por el padre. Categoria: terciariouniversitarioposgrado incompleto.,proporcion (0 a 1),estudiantes con respuesta valida en el bloque 'educ_padre' (ver cob__educ_padre),"Pedida por la consigna. Se conserva pese a tener cobertura menor que la de la madre (90,4% contra 100%): ese hueco es en si mismo informacion sobre la composicion del hogar.","Es una proporcion dentro de la fila, no un conteo: los conteos originales no son comparables entre bases porque cada una trae su propio factor de expansion."
educ_padre__terciariouniversitarioposgrado_completo,"Pruebas Aprender 2024 (Censal, Secundaria 5-6 año, base Agregada)",Nivel_Ed_Padre_terciariouniversitarioposgrado_completo,educ_padre,hogar,Maximo nivel educativo alcanzado por el padre. Categoria: terciariouniversitarioposgrado completo.,proporcion (0 a 1),estudiantes con respuesta valida en el bloque 'educ_padre' (ver cob__educ_padre),"Pedida por la consigna. Se conserva pese a tener cobertura menor que la de la madre (90,4% contra 100%): ese hueco es en si mismo informacion sobre la composicion del hogar.","Es una proporcion dentro de la fila, no un conteo: los conteos originales no son comparables entre bases porque cada una trae su propio factor de expansion."
desemp_lengua__por_debajo_del_nivel_basico,"Pruebas Aprender 2024 (Censal, Secundaria 5-6 año, base Agregada)",ldesemp_por_debajo_del_nivel_basico,desemp_lengua,desempeño,Nivel de desempeño en Lengua (por debajo del basico / basico / satisfactorio / avanzado). Categoria: por debajo del nivel basico.,proporcion (0 a 1),estudiantes con respuesta valida en el bloque 'desemp_lengua' (ver cob__desemp_lengua),Pedida por la consigna. Es una de las dos variables de resultado de la evaluacion.,"Es una proporcion dentro de la fila, no un conteo: los conteos originales no son comparables entre bases porque cada una trae su propio factor de expansion."
desemp_lengua__basico,"Pruebas Aprender 2024 (Censal, Secundaria 5-6 año, base Agregada)",ldesemp_basico,desemp_lengua,desempeño,Nivel de desempeño en Lengua (por debajo del basico / basico / satisfactorio / avanzado). Categoria: basico.,proporcion (0 a 1),estudiantes con respuesta valida en el bloque 'desemp_lengua' (ver cob__desemp_lengua),Pedida por la consigna. Es una de las dos variables de resultado de la evaluacion.,"Es una proporcion dentro de la fila, no un conteo: los conteos originales no son comparables entre bases porque cada una trae su propio factor de expansion."
desemp_lengua__satisfactorio,"Pruebas Aprender 2024 (Censal, Secundaria 5-6 año, base Agregada)",ldesemp_satisfactorio,desemp_lengua,desempeño,Nivel de desempeño en Lengua (por debajo del basico / basico / satisfactorio / avanzado). Categoria: satisfactorio.,proporcion (0 a 1),estudiantes con respuesta valida en el bloque 'desemp_lengua' (ver cob__desemp_lengua),Pedida por la consigna. Es una de las dos variables de resultado de la evaluacion.,"Es una proporcion dentro de la fila, no un conteo: los conteos originales no son comparables entre bases porque cada una trae su propio factor de expansion."
desemp_lengua__avanzado,"Pruebas Aprender 2024 (Censal, Secundaria 5-6 año, base Agregada)",ldesemp_avanzado,desemp_lengua,desempeño,Nivel de desempeño en Lengua (por debajo del basico / basico / satisfactorio / avanzado). Categoria: avanzado.,proporcion (0 a 1),estudiantes con respuesta valida en el bloque 'desemp_lengua' (ver cob__desemp_lengua),Pedida por la consigna. Es una de las dos variables de resultado de la evaluacion.,"Es una proporcion dentro de la fila, no un conteo: los conteos originales no son comparables entre bases porque cada una trae su propio factor de expansion."
desemp_matematica__por_debajo_del_nivel_basico,"Pruebas Aprender 2024 (Censal, Secundaria 5-6 año, base Agregada)",mdesemp_por_debajo_del_nivel_basico,desemp_matematica,desempeño,Nivel de desempeño en Matematica. Categoria: por debajo del nivel basico.,proporcion (0 a 1),estudiantes con respuesta valida en el bloque 'desemp_matematica' (ver cob__desemp_matematica),"Pedida por la consigna. Se toma de la base de Matematica, que tiene su propio factor de expansion.","Es una proporcion dentro de la fila, no un conteo: los conteos originales no son comparables entre bases porque cada una trae su propio factor de expansion."
desemp_matematica__basico,"Pruebas Aprender 2024 (Censal, Secundaria 5-6 año, base Agregada)",mdesemp_basico,desemp_matematica,desempeño,Nivel de desempeño en Matematica. Categoria: basico.,proporcion (0 a 1),estudiantes con respuesta valida en el bloque 'desemp_matematica' (ver cob__desemp_matematica),"Pedida por la consigna. Se toma de la base de Matematica, que tiene su propio factor de expansion.","Es una proporcion dentro de la fila, no un conteo: los conteos originales no son comparables entre bases porque cada una trae su propio factor de expansion."
desemp_matematica__satisfactorio,"Pruebas Aprender 2024 (Censal, Secundaria 5-6 año, base Agregada)",mdesemp_satisfactorio,desemp_matematica,desempeño,Nivel de desempeño en Matematica. Categoria: satisfactorio.,proporcion (0 a 1),estudiantes con respuesta valida en el bloque 'desemp_matematica' (ver cob__desemp_matematica),"Pedida por la consigna. Se toma de la base de Matematica, que tiene su propio factor de expansion.","Es una proporcion dentro de la fila, no un conteo: los conteos originales no son comparables entre bases porque cada una trae su propio factor de expansion."
desemp_matematica__avanzado,"Pruebas Aprender 2024 (Censal, Secundaria 5-6 año, base Agregada)",mdesemp_avanzado,desemp_matematica,desempeño,Nivel de desempeño en Matematica. Categoria: avanzado.,proporcion (0 a 1),estudiantes con respuesta valida en el bloque 'desemp_matematica' (ver cob__desemp_matematica),"Pedida por la consigna. Se toma de la base de Matematica, que tiene su propio factor de expansion.","Es una proporcion dentro de la fila, no un conteo: los conteos originales no son comparables entre bases porque cada una trae su propio factor de expansion."
cob__sexo,derivada,,sexo,calidad,Fraccion de los estudiantes de la fila que quedo representada en el bloque 'sexo'.,proporcion (0 a 1),estudiantes de la fila,"Reemplaza a una tasa de no respuesta que daba 0,00% en los 17 bloques: las columnas Blanco / No_disponible / Multimarca del Ministerio estan vacias en el 100% de sus celdas, asi que no sirven para medir ausencias.","Vale 1,00 en los bloques completos."
cob__tamano_hogar,derivada,,tamano_hogar,calidad,Fraccion de los estudiantes de la fila que quedo representada en el bloque 'tamano_hogar'.,proporcion (0 a 1),estudiantes de la fila,"Reemplaza a una tasa de no respuesta que daba 0,00% en los 17 bloques: las columnas Blanco / No_disponible / Multimarca del Ministerio estan vacias en el 100% de sus celdas, asi que no sirven para medir ausencias.","Vale 1,00 en los bloques completos."
cob__libros_hogar,derivada,,libros_hogar,calidad,Fraccion de los estudiantes de la fila que quedo representada en el bloque 'libros_hogar'.,proporcion (0 a 1),estudiantes de la fila,"Reemplaza a una tasa de no respuesta que daba 0,00% en los 17 bloques: las columnas Blanco / No_disponible / Multimarca del Ministerio estan vacias en el 100% de sus celdas, asi que no sirven para medir ausencias.","Vale 1,00 en los bloques completos."
cob__asistio_jardin,derivada,,asistio_jardin,calidad,Fraccion de los estudiantes de la fila que quedo representada en el bloque 'asistio_jardin'.,proporcion (0 a 1),estudiantes de la fila,"Reemplaza a una tasa de no respuesta que daba 0,00% en los 17 bloques: las columnas Blanco / No_disponible / Multimarca del Ministerio estan vacias en el 100% de sus celdas, asi que no sirven para medir ausencias.","Vale 1,00 en los bloques completos."
cob__inasistencias,derivada,,inasistencias,calidad,Fraccion de los estudiantes de la fila que quedo representada en el bloque 'inasistencias'.,proporcion (0 a 1),estudiantes de la fila,"Reemplaza a una tasa de no respuesta que daba 0,00% en los 17 bloques: las columnas Blanco / No_disponible / Multimarca del Ministerio estan vacias en el 100% de sus celdas, asi que no sirven para medir ausencias.","Vale 1,00 en los bloques completos."
cob__horas_estudio,derivada,,horas_estudio,calidad,Fraccion de los estudiantes de la fila que quedo representada en el bloque 'horas_estudio'.,proporcion (0 a 1),estudiantes de la fila,"Reemplaza a una tasa de no respuesta que daba 0,00% en los 17 bloques: las columnas Blanco / No_disponible / Multimarca del Ministerio estan vacias en el 100% de sus celdas, asi que no sirven para medir ausencias.","Vale 1,00 en los bloques completos."
cob__edad,derivada,,edad,calidad,Fraccion de los estudiantes de la fila que quedo representada en el bloque 'edad'.,proporcion (0 a 1),estudiantes de la fila,"Reemplaza a una tasa de no respuesta que daba 0,00% en los 17 bloques: las columnas Blanco / No_disponible / Multimarca del Ministerio estan vacias en el 100% de sus celdas, asi que no sirven para medir ausencias.","Vale 1,00 en los bloques completos."
cob__sobreedad,derivada,,sobreedad,calidad,Fraccion de los estudiantes de la fila que quedo representada en el bloque 'sobreedad'.,proporcion (0 a 1),estudiantes de la fila,"Reemplaza a una tasa de no respuesta que daba 0,00% en los 17 bloques: las columnas Blanco / No_disponible / Multimarca del Ministerio estan vacias en el 100% de sus celdas, asi que no sirven para medir ausencias.","Vale 1,00 en los bloques completos."
cob__repitencia,derivada,,repitencia,calidad,Fraccion de los estudiantes de la fila que quedo representada en el bloque 'repitencia'.,proporcion (0 a 1),estudiantes de la fila,"Reemplaza a una tasa de no respuesta que daba 0,00% en los 17 bloques: las columnas Blanco / No_disponible / Multimarca del Ministerio estan vacias en el 100% de sus celdas, asi que no sirven para medir ausencias.","Vale 1,00 en los bloques completos."
cob__migracion,derivada,,migracion,calidad,Fraccion de los estudiantes de la fila que quedo representada en el bloque 'migracion'.,proporcion (0 a 1),estudiantes de la fila,"Reemplaza a una tasa de no respuesta que daba 0,00% en los 17 bloques: las columnas Blanco / No_disponible / Multimarca del Ministerio estan vacias en el 100% de sus celdas, asi que no sirven para medir ausencias.","Vale 1,00 en los bloques completos."
cob__clima_escolar,derivada,,clima_escolar,calidad,Fraccion de los estudiantes de la fila que quedo representada en el bloque 'clima_escolar'.,proporcion (0 a 1),estudiantes de la fila,"Reemplaza a una tasa de no respuesta que daba 0,00% en los 17 bloques: las columnas Blanco / No_disponible / Multimarca del Ministerio estan vacias en el 100% de sus celdas, asi que no sirven para medir ausencias.","Vale 1,00 en los bloques completos."
cob__nse,derivada,,nse,calidad,Fraccion de los estudiantes de la fila que quedo representada en el bloque 'nse'.,proporcion (0 a 1),estudiantes de la fila,"Reemplaza a una tasa de no respuesta que daba 0,00% en los 17 bloques: las columnas Blanco / No_disponible / Multimarca del Ministerio estan vacias en el 100% de sus celdas, asi que no sirven para medir ausencias.","Vale 1,00 en los bloques completos."
cob__educ_madre,derivada,,educ_madre,calidad,Fraccion de los estudiantes de la fila que quedo representada en el bloque 'educ_madre'.,proporcion (0 a 1),estudiantes de la fila,"Reemplaza a una tasa de no respuesta que daba 0,00% en los 17 bloques: las columnas Blanco / No_disponible / Multimarca del Ministerio estan vacias en el 100% de sus celdas, asi que no sirven para medir ausencias.","Vale 1,00 en los bloques completos."
cob__educ_padre,derivada,,educ_padre,calidad,Fraccion de los estudiantes de la fila que quedo representada en el bloque 'educ_padre'.,proporcion (0 a 1),estudiantes de la fila,"Reemplaza a una tasa de no respuesta que daba 0,00% en los 17 bloques: las columnas Blanco / No_disponible / Multimarca del Ministerio estan vacias en el 100% de sus celdas, asi que no sirven para medir ausencias.","Vale 1,00 en los bloques completos."
cob__desemp_lengua,derivada,,desemp_lengua,calidad,Fraccion de los estudiantes de la fila que quedo representada en el bloque 'desemp_lengua'.,proporcion (0 a 1),estudiantes de la fila,"Reemplaza a una tasa de no respuesta que daba 0,00% en los 17 bloques: las columnas Blanco / No_disponible / Multimarca del Ministerio estan vacias en el 100% de sus celdas, asi que no sirven para medir ausencias.","Vale 1,00 en los bloques completos."
cob__desemp_matematica,derivada,,desemp_matematica,calidad,Fraccion de los estudiantes de la fila que quedo representada en el bloque 'desemp_matematica'.,proporcion (0 a 1),estudiantes de la fila,"Reemplaza a una tasa de no respuesta que daba 0,00% en los 17 bloques: las columnas Blanco / No_disponible / Multimarca del Ministerio estan vacias en el 100% de sus celdas, asi que no sirven para medir ausencias.","Vale 1,00 en los bloques completos."
flag_discrepancia_bases,derivada,,calidad,calidad,Marca las filas donde las bases de Lengua y Matematica difieren mas de 10% en su total.,booleano,,Permite repetir cualquier analisis sin esas filas y comprobar que el resultado no cambia.,Marca 5 filas de 1.174.
eph_no_asiste_12_18,"EPH INDEC, 3er trimestre 2025 (bases Hogar e Individual)",,contexto socioeconomico,contexto,% de personas de 12 a 18 años que no asiste a un establecimiento educativo (CH10 = 2 'no asiste pero asistio' o 3 'nunca asistio'). Es el proxy mas directo de abandono escolar disponible en la EPH.,proporcion (0 a 1),poblacion de la provincia (ver descripcion),"Aporta el contexto socioeconomico que Aprender no tiene, al unico nivel geografico donde las dos fuentes se encuentran.",Es un valor provincial: TODOS los departamentos de una provincia comparten el mismo numero.
eph_ipcf_mediano,"EPH INDEC, 3er trimestre 2025 (bases Hogar e Individual)",,contexto socioeconomico,contexto,"Mediana del ingreso per capita familiar (IPCF) de las personas de la provincia, en pesos del trimestre. Ponderada por PONDIH (el ponderador de ingresos del hogar) y NO por PONDERA: el 27,5% de las personas tiene IPCF=0 por no declarar ingresos, y el INDEC ya las marca poniendoles PONDIH=0 (coincide en el 98,8% de los casos). Usando PONDERA esas personas entran con peso completo y un cero que no es un ingreso sino una no respuesta: asi Buenos Aires daba la mediana mas baja del pais (140.250) porque el 47,4% de la muestra de Partidos del GBA no declara ingresos.",pesos,poblacion de la provincia (ver descripcion),"Aporta el contexto socioeconomico que Aprender no tiene, al unico nivel geografico donde las dos fuentes se encuentran.",Es un valor provincial: TODOS los departamentos de una provincia comparten el mismo numero.
eph_sin_dato_ingreso,"EPH INDEC, 3er trimestre 2025 (bases Hogar e Individual)",,contexto socioeconomico,contexto,% de personas sin dato de ingreso (PONDIH = 0). Es el denominador que falta del indicador anterior: sin esto no se sabe sobre que fraccion de la provincia se calculo la mediana.,proporcion (0 a 1),poblacion de la provincia (ver descripcion),"Aporta el contexto socioeconomico que Aprender no tiene, al unico nivel geografico donde las dos fuentes se encuentran.",Es un valor provincial: TODOS los departamentos de una provincia comparten el mismo numero.
eph_hacinamiento_critico,"EPH INDEC, 3er trimestre 2025 (bases Hogar e Individual)",,contexto socioeconomico,contexto,% de personas en hogares con mas de 3 personas por habitacion de uso exclusivo (IX_TOT / II1 > 3). Umbral estandar de hacinamiento critico.,proporcion (0 a 1),poblacion de la provincia (ver descripcion),"Aporta el contexto socioeconomico que Aprender no tiene, al unico nivel geografico donde las dos fuentes se encuentran.",Es un valor provincial: TODOS los departamentos de una provincia comparten el mismo numero.
eph_agua_fuera_vivienda,"EPH INDEC, 3er trimestre 2025 (bases Hogar e Individual)",,contexto socioeconomico,contexto,% de personas en hogares cuya agua no llega por cañeria dentro de la vivienda (IV6 = 2 o 3).,proporcion (0 a 1),poblacion de la provincia (ver descripcion),"Aporta el contexto socioeconomico que Aprender no tiene, al unico nivel geografico donde las dos fuentes se encuentran.",Es un valor provincial: TODOS los departamentos de una provincia comparten el mismo numero.
eph_desocupacion,"EPH INDEC, 3er trimestre 2025 (bases Hogar e Individual)",,contexto socioeconomico,contexto,"Desocupados sobre poblacion economicamente activa (ESTADO = 2 / (ESTADO = 1 o 2)). Excluye inactivos y menores de 10, que tienen codigos propios (3 y 4).",proporcion (0 a 1),poblacion de la provincia (ver descripcion),"Aporta el contexto socioeconomico que Aprender no tiene, al unico nivel geografico donde las dos fuentes se encuentran.",Es un valor provincial: TODOS los departamentos de una provincia comparten el mismo numero.
eph_adultos_sin_secundaria,"EPH INDEC, 3er trimestre 2025 (bases Hogar e Individual)",,contexto socioeconomico,contexto,"% de personas de 25 años o mas que no completo el secundario (NIVEL_ED 1, 2, 3 o 7).",proporcion (0 a 1),poblacion de la provincia (ver descripcion),"Aporta el contexto socioeconomico que Aprender no tiene, al unico nivel geografico donde las dos fuentes se encuentran.",Es un valor provincial: TODOS los departamentos de una provincia comparten el mismo numero.
eph_adolescentes_ocupados,"EPH INDEC, 3er trimestre 2025 (bases Hogar e Individual)",,contexto socioeconomico,contexto,% de personas de 12 a 18 años que estan ocupadas (ESTADO = 1).,proporcion (0 a 1),poblacion de la provincia (ver descripcion),"Aporta el contexto socioeconomico que Aprender no tiene, al unico nivel geografico donde las dos fuentes se encuentran.",Es un valor provincial: TODOS los departamentos de una provincia comparten el mismo numero.
eph_casos_personas,"EPH INDEC, 3er trimestre 2025 (bases Hogar e Individual)",,contexto socioeconomico,contexto,Denominador del indicador correspondiente.,casos,poblacion de la provincia (ver descripcion),"Aporta el contexto socioeconomico que Aprender no tiene, al unico nivel geografico donde las dos fuentes se encuentran.",Es un valor provincial: TODOS los departamentos de una provincia comparten el mismo numero.
eph_casos_hogares,"EPH INDEC, 3er trimestre 2025 (bases Hogar e Individual)",,contexto socioeconomico,contexto,Denominador del indicador correspondiente.,casos,poblacion de la provincia (ver descripcion),"Aporta el contexto socioeconomico que Aprender no tiene, al unico nivel geografico donde las dos fuentes se encuentran.",Es un valor provincial: TODOS los departamentos de una provincia comparten el mismo numero.
eph_casos_12_18,"EPH INDEC, 3er trimestre 2025 (bases Hogar e Individual)",,contexto socioeconomico,contexto,Denominador del indicador correspondiente.,casos,poblacion de la provincia (ver descripcion),"Aporta el contexto socioeconomico que Aprender no tiene, al unico nivel geografico donde las dos fuentes se encuentran.",Es un valor provincial: TODOS los departamentos de una provincia comparten el mismo numero.
eph_aglomerados,"EPH INDEC, 3er trimestre 2025 (bases Hogar e Individual)",,contexto socioeconomico,contexto,Denominador del indicador correspondiente.,casos,poblacion de la provincia (ver descripcion),"Aporta el contexto socioeconomico que Aprender no tiene, al unico nivel geografico donde las dos fuentes se encuentran.",Es un valor provincial: TODOS los departamentos de una provincia comparten el mismo numero.
educ_madre_arm__sin_primaria,"Pruebas Aprender 2024 (Censal, Secundaria 5-6 año, base Agregada)",Nivel_Ed_Madre (recodificada)_sin_primaria,educ_madre_arm,hogar,"Maximo nivel educativo COMPLETADO por la madre, en la escala comun de 4 niveles acordada con la EPH. Categoria: sin primaria.",proporcion (0 a 1),estudiantes con respuesta valida en el bloque 'educ_madre_arm' (ver cob__educ_madre_arm),"Cumple el criterio de aceptacion de armonizar las categorias equivalentes entre fuentes. Habilita comparar contra eph_educ_adultos__*, que es la unica validacion empirica que tenemos del puente geografico (correlacion 0,674 entre ambas).","Es una proporcion dentro de la fila, no un conteo: los conteos originales no son comparables entre bases porque cada una trae su propio factor de expansion."
educ_madre_arm__primaria,"Pruebas Aprender 2024 (Censal, Secundaria 5-6 año, base Agregada)",Nivel_Ed_Madre (recodificada)_primaria,educ_madre_arm,hogar,"Maximo nivel educativo COMPLETADO por la madre, en la escala comun de 4 niveles acordada con la EPH. Categoria: primaria.",proporcion (0 a 1),estudiantes con respuesta valida en el bloque 'educ_madre_arm' (ver cob__educ_madre_arm),"Cumple el criterio de aceptacion de armonizar las categorias equivalentes entre fuentes. Habilita comparar contra eph_educ_adultos__*, que es la unica validacion empirica que tenemos del puente geografico (correlacion 0,674 entre ambas).","Es una proporcion dentro de la fila, no un conteo: los conteos originales no son comparables entre bases porque cada una trae su propio factor de expansion."
educ_madre_arm__secundaria,"Pruebas Aprender 2024 (Censal, Secundaria 5-6 año, base Agregada)",Nivel_Ed_Madre (recodificada)_secundaria,educ_madre_arm,hogar,"Maximo nivel educativo COMPLETADO por la madre, en la escala comun de 4 niveles acordada con la EPH. Categoria: secundaria.",proporcion (0 a 1),estudiantes con respuesta valida en el bloque 'educ_madre_arm' (ver cob__educ_madre_arm),"Cumple el criterio de aceptacion de armonizar las categorias equivalentes entre fuentes. Habilita comparar contra eph_educ_adultos__*, que es la unica validacion empirica que tenemos del puente geografico (correlacion 0,674 entre ambas).","Es una proporcion dentro de la fila, no un conteo: los conteos originales no son comparables entre bases porque cada una trae su propio factor de expansion."
educ_madre_arm__superior,"Pruebas Aprender 2024 (Censal, Secundaria 5-6 año, base Agregada)",Nivel_Ed_Madre (recodificada)_superior,educ_madre_arm,hogar,"Maximo nivel educativo COMPLETADO por la madre, en la escala comun de 4 niveles acordada con la EPH. Categoria: superior.",proporcion (0 a 1),estudiantes con respuesta valida en el bloque 'educ_madre_arm' (ver cob__educ_madre_arm),"Cumple el criterio de aceptacion de armonizar las categorias equivalentes entre fuentes. Habilita comparar contra eph_educ_adultos__*, que es la unica validacion empirica que tenemos del puente geografico (correlacion 0,674 entre ambas).","Es una proporcion dentro de la fila, no un conteo: los conteos originales no son comparables entre bases porque cada una trae su propio factor de expansion."
educ_padre_arm__sin_primaria,"Pruebas Aprender 2024 (Censal, Secundaria 5-6 año, base Agregada)",Nivel_Ed_Padre (recodificada)_sin_primaria,educ_padre_arm,hogar,"Maximo nivel educativo COMPLETADO por el padre, en la escala comun de 4 niveles. Categoria: sin primaria.",proporcion (0 a 1),estudiantes con respuesta valida en el bloque 'educ_padre_arm' (ver cob__educ_padre_arm),Idem educ_madre_arm.,"Es una proporcion dentro de la fila, no un conteo: los conteos originales no son comparables entre bases porque cada una trae su propio factor de expansion."
educ_padre_arm__primaria,"Pruebas Aprender 2024 (Censal, Secundaria 5-6 año, base Agregada)",Nivel_Ed_Padre (recodificada)_primaria,educ_padre_arm,hogar,"Maximo nivel educativo COMPLETADO por el padre, en la escala comun de 4 niveles. Categoria: primaria.",proporcion (0 a 1),estudiantes con respuesta valida en el bloque 'educ_padre_arm' (ver cob__educ_padre_arm),Idem educ_madre_arm.,"Es una proporcion dentro de la fila, no un conteo: los conteos originales no son comparables entre bases porque cada una trae su propio factor de expansion."
educ_padre_arm__secundaria,"Pruebas Aprender 2024 (Censal, Secundaria 5-6 año, base Agregada)",Nivel_Ed_Padre (recodificada)_secundaria,educ_padre_arm,hogar,"Maximo nivel educativo COMPLETADO por el padre, en la escala comun de 4 niveles. Categoria: secundaria.",proporcion (0 a 1),estudiantes con respuesta valida en el bloque 'educ_padre_arm' (ver cob__educ_padre_arm),Idem educ_madre_arm.,"Es una proporcion dentro de la fila, no un conteo: los conteos originales no son comparables entre bases porque cada una trae su propio factor de expansion."
educ_padre_arm__superior,"Pruebas Aprender 2024 (Censal, Secundaria 5-6 año, base Agregada)",Nivel_Ed_Padre (recodificada)_superior,educ_padre_arm,hogar,"Maximo nivel educativo COMPLETADO por el padre, en la escala comun de 4 niveles. Categoria: superior.",proporcion (0 a 1),estudiantes con respuesta valida en el bloque 'educ_padre_arm' (ver cob__educ_padre_arm),Idem educ_madre_arm.,"Es una proporcion dentro de la fila, no un conteo: los conteos originales no son comparables entre bases porque cada una trae su propio factor de expansion."
eph_educ_adultos__sin_primaria,"EPH INDEC, 3er trimestre 2025 (bases Hogar e Individual)",NIVEL_ED (recodificada),educ_adultos_arm,contexto,"Proporcion de personas de 25 años o mas de la provincia cuyo maximo nivel completado es 'sin primaria', en la escala comun de 4 niveles.",proporcion (0 a 1),"personas de 25+ de la provincia, ponderadas",Contraparte de educ_madre_arm / educ_padre_arm en la escala comun. Sirve para contrastar las dos fuentes sobre un mismo concepto.,"Mide a TODOS los adultos de la provincia, no a los padres de los estudiantes evaluados: son poblaciones distintas y la comparacion es de contexto."
eph_educ_adultos__primaria,"EPH INDEC, 3er trimestre 2025 (bases Hogar e Individual)",NIVEL_ED (recodificada),educ_adultos_arm,contexto,"Proporcion de personas de 25 años o mas de la provincia cuyo maximo nivel completado es 'primaria', en la escala comun de 4 niveles.",proporcion (0 a 1),"personas de 25+ de la provincia, ponderadas",Contraparte de educ_madre_arm / educ_padre_arm en la escala comun. Sirve para contrastar las dos fuentes sobre un mismo concepto.,"Mide a TODOS los adultos de la provincia, no a los padres de los estudiantes evaluados: son poblaciones distintas y la comparacion es de contexto."
eph_educ_adultos__secundaria,"EPH INDEC, 3er trimestre 2025 (bases Hogar e Individual)",NIVEL_ED (recodificada),educ_adultos_arm,contexto,"Proporcion de personas de 25 años o mas de la provincia cuyo maximo nivel completado es 'secundaria', en la escala comun de 4 niveles.",proporcion (0 a 1),"personas de 25+ de la provincia, ponderadas",Contraparte de educ_madre_arm / educ_padre_arm en la escala comun. Sirve para contrastar las dos fuentes sobre un mismo concepto.,"Mide a TODOS los adultos de la provincia, no a los padres de los estudiantes evaluados: son poblaciones distintas y la comparacion es de contexto."
eph_educ_adultos__superior,"EPH INDEC, 3er trimestre 2025 (bases Hogar e Individual)",NIVEL_ED (recodificada),educ_adultos_arm,contexto,"Proporcion de personas de 25 años o mas de la provincia cuyo maximo nivel completado es 'superior', en la escala comun de 4 niveles.",proporcion (0 a 1),"personas de 25+ de la provincia, ponderadas",Contraparte de educ_madre_arm / educ_padre_arm en la escala comun. Sirve para contrastar las dos fuentes sobre un mismo concepto.,"Mide a TODOS los adultos de la provincia, no a los padres de los estudiantes evaluados: son poblaciones distintas y la comparacion es de contexto."
clima_escolar_calidad,"derivada (etapa 08, curacion)",,calidad,calidad,"Se conservan las tres columnas clima_escolar__* sin modificar y se agrega una columna con tres estados: 'ok', 'cobertura_baja' y 'sin_dato'. Permite repetir cualquier analisis excluyendo las filas flojas y comprobar si el resultado cambia.",categorica (ok / cobertura_baja / sin_dato),,"El problema NO es aleatorio. La cobertura mediana cae de 0,921 en el quintil de grupos mas grandes a 0,722 en el mas chico, y por ambito va de 0,921 urbano a 0,744 rural: 155 de las 187 filas afectadas son rurales. Es decir que el clima escolar esta peor medido justo en las escuelas rurales chicas, que son las de mayor riesgo de abandono. Un modelo que use esta variable va a tener menos informacion precisamente donde mas la necesita, y eso hay que poder decirlo, no descubrirlo despues.","Es el unico bloque con problemas de cobertura: los otros 15 estan entre 0,98 y 1,00. Tiene 96 filas sin ningun dato y 91 con el dato calculado sobre menos de la mitad de los estudiantes de la fila. Los dos conjuntos son disjuntos, asi que son 187 filas (15,9%) y 9.808 estudiantes (1,8%)."
es_agregado_provincial,"derivada (etapa 08, curacion)",,calidad,territorio,"Se conservan las 63 filas y se agrega una columna booleana que las identifica. Un analisis por departamento filtra es_agregado_provincial == False; uno por provincia usa todas, que es donde estas filas SI suman bien y donde sacarlas romperia los totales contra la fuente.",booleano,,"Rompe el significado de la clave territorial. Si el mismo texto aparece en 23 jurisdicciones, esas filas no son un departamento: son el agregado de los departamentos chicos de cada provincia. Nada avisaba: el chequeo de duplicados da 0 porque cada combinacion jurisdiccion + Enmascarado + sector + ambito es unica, y el de formato tampoco lo veia porque 'Enmascarado' esta bien escrito. Quien agrupe por departamento sin saberlo va a mezclar 23 provincias bajo un mismo nombre.","63 filas de 1.174 tienen departamento = 'Enmascarado', en 23 de las 24 jurisdicciones, con 10.444 estudiantes (1,9%). El Ministerio enmascara el nombre cuando el grupo es tan chico que identificaria a la escuela."
